"Acronym","Code","Description","Name_En","Name_Es","Name_Fr"
"TITLE","01","Textual label used to refer to the reference metadata structure. It can be used as a semantic name.","Title","Título","Titre"
"DATA_SOURCE_INFO","02","(Information relating to this concept is provided by reporting on its sub-concepts)","Data source information","Información sobre la fuente de datos","Information sur la source de données"
"COMPILING_ORG","02.1","Organization collecting and/or elaborating the data being reported. 
For instance, if the FAO collects data from Member States or/and various data sources, process and disseminate them, the compiling organization should be FAO. If the data was collected and already disseminated by another Organization, but acquired, minimally processed (e.g. through simple data manipulation to fit our FAO data dissemination structures) and re-disseminated by FAO, the compiling organization should be this other Organization.","Compiling Organization","Organización compiladora","Organisation compilatrice"
"DATA_SOURCE","02.2","Location or service from where data and/or metadata can be obtained.
The location includes a resolvable URL which may download a file or be a query that returns data.
Data citation (citation text) or DOI (Digital Object Identifier) may also be included alongside the URL.","Data source","Fuente de datos","Source des données"
"CONTACT","03","Organizational contact points for the data or metadata, including information on how to reach the contact points. (Information relating to this concept is provided by reporting on its sub-concepts)","Contact","Contacto","Contact"
"CONTACT_ORGANISATION","03.1","Food and Agriculture Organization of the United Nations (FAO).","Contact organization","Organización de contacto","Organisation de contact"
"ORGANISATION_UNIT","03.2","Name of the unit, branch or department responsible for the metadata file.","Contact organization unit","Unidad de contacto de la organización","Unité de l'organisation à contacter"
"CONTACT_MAIL","03.3","Postal address of the unit responsible of the statistical domain.","Contact mail address","Dirección de contacto","Adresse de contacter"
"CONTACT_EMAIL","03.4","Generic e-mail address of the unit responsible for the statistical domain.","Contact email address","Correo electrónico de contacto","Courrier électronique de contact"
"META_UPDATE","04","Date on which the metadata element was created or modified. (Information relating to this concept is provided by reporting on its sub-concepts)","Update date","Fecha de actualización","Date de la mise à jour"
"META_POSTED","04.1","Date of the latest dissemination (last posting) of the metadata.","Metadata last posted","Fecha de la última publicación de los metadatos","Date de la dernière publication des metadonnées"
"META_LAST_UPDATE","04.2","Date of last update of the content of the metadata. The update can concern one single concept, but also the metadata file as a whole.","Metadata last update","Fecha de la última actualizacíon de los metadatos","Date de la dernière mise à jour des metadonnées"
"STAT_PRES","05","(Information relating to this concept is provided by reporting on its sub-concepts.)","Statistical presentation","Presentación estadística","Presentation statistique"
"DATA_DESCR","05.1","Main characteristics of the data set described in an easily understandable manner, referring to the data and indicators disseminated. This summary description should provide an immediate understanding of the data to users (also to those who do not have a broader technical knowledge of the dataset in question). Data description can include the main variables covered.","Data description","Descripción de los datos","Description des données"
"COVERAGE","05.2","Definition of the scope of the data compiled. This sub-concept should be used to describe the population covered by the statistics (including eventually its dimensions or levels of disaggregation such as income, sex, age group, disability status, etc.) as well as the geographical coverage of the data series.","Coverage","Cobertura","Couverture"
"COVERAGE_SECTOR","05.3","Main economic or other sectors (e.g. data domains) covered by the statistics. It lists groups and subgroups of related activities or populations covered by the data set produced. These sectors can be institutional sectors, economic or other sectors (e.g. agriculture, forestry, or aquaculture).
It should include at least the data domains and/or subdomains under which the dataset belongs in the Classification of Statistical Activities (CSA) (see https://unstats.un.org/unsd/classifications/CSA2).
For example, the sector coverage of a dataset on employment in agriculture and agrifood system should be associated with Labour statistics (as per CSA).","Sector coverage","Cobertura del sector","Couverture du secteur"
"STAT_CONC_DEF","05.4","List of definitions and descriptions of the main statistical variables provided. There should be reference to FAO and internationally accepted statistical standards, guidelines, or good practices on which the concepts and definitions that are used for compiling the statistics are based (e.g. area under cultivation, species and harvested production).
When relevant, deviations from statistical standards, guidelines or good practices, should be documented. In particular, deviations from international concepts and definitions caused by the use of a particular data source (e.g. a Big data source) should be explained.","Statistical concepts and definitions","Conceptos estadísticos y definiciones","Concepts statistiques et définitions"
"REF_AREA","05.5","Country or geographical or political group of countries or regions to which the measured statistical data set relates. Reference to the code list of the FAO Statistical Standard on Country and Area Codes for Statistical Use  should be made.","Reference area","País o área de referencia","Pays ou zone de référence"
"COVERAGE_TIME","05.6","Period of time for which data set is described. The time period covered can be indicated as a time interval, e.g. ""1985 to 2006"" for annual time series data, or as several intervals or values of time.","Time coverage","Cobertura temporal","Couverture temporelle"
"BASE_PER","05.7","Period of time used as the base of an index number, or to which a constant time series refers. It may not be applicable for many statistical data sets, but for some others a base period is chosen as a benchmark, indices can be applied to current values (e.g. base year 2000 for certain annual data).","Base period","Período base","Période de base"
"UNIT_MEASURE","06","The unit in which the data values are measured. The unit of measure in connection with the unit multiplier provides the level of detail for the value of the variable (e.g. the following units are use: USD, national currency, tonne). The magnitude (e.g. thousands, millions) of numerical units should be included.
Include reference to the FAO Statistical Standard on units of measure .
When multiple units of measure are used within the data domain, the UoM should be specified by data items.","Unit of measure","Unidad de medida","Unité de mesure"
"REF_PERIOD","07","Timespan or point in time to which the measured observation is intended to refer, which can be a specific day or a specific period (e.g. a month, a fiscal year, a calendar year, or several calendar years). In many cases, the reference period and the time period will be identical, but there are also cases where they are different. This can happen if data are not available for the target reference period, but are available for a time period which is judged to be sufficiently close. For example, the reference period may be a calendar year, whereas data may only be available for a fiscal year. In such cases, ""reference period"" should refer to the target reference period rather than the actual time period of the data.
The difference between target and actual reference period can be highlighted in an additional free text note.","Reference period","Período de referencia","Période de référence"
"INST_MANDATE","08","Set of rules or other formal set of instructions assigning responsibility as well as the authority to FAO to an organization (i.e. FAO) for the collection, processing, and dissemination of statistics. It also includes arrangements or procedures to facilitate data sharing and coordination between data producing agencies. (Information relating to this concept is provided by reporting on its sub-concepts)","Institutional mandate","Mandato institucional","Mandat institutionnel"
"INST_MAN_LA_OA","08.1","Legal acts or non-legal measures such as formal or informal agreements administrative arrangements employed to specific organizations that assign responsibility as well as the authority to FAO or an international institution for the collection, processing, and dissemination of statistics. If available, a weblink should be provided.
Use a standard text (and complement it with any relevant formal/informal agreements, if available).
Article I of the FAO Constitution requires the Organization to collect, analyze, interpret and disseminate information relating to nutrition, food and agriculture (FAO, 2017) .

Example of complementary information on relevant agreements, if available.
In line with SDQAF Principle 7 on Coordination with other international organizations producing statistics, FAO collects this data with Eurostat in accordance with the Memorandum of Understanding (MoU) on agriculture statistics that was signed in January 2020.","Legal acts and other agreements","Actos jurídicos y otros acuerdos","Actes juridiques et autres accords"
"INST_MAN_ACQ_TRANS","08.2","Arrangements, procedures or agreements in place for the acquisition, access and transmission of the data used to generate these data outputs. 
If relevant, a reference to the data sharing agreement or the terms of use of the data sourced should be provided as well as a weblink to these if publicly available
If data accessed and transmitted include personal data, a reassurance that the data were accessed, managed and transmitted in accordance with FAO Data protection policy should be provided.
If non-statistical data sources were used, the following should be described:
•	Modes of data access (full access to raw data or access to pre-processed data by FAO or through third party )
•	In case of access to pre-processed data by third-party/data provider: information about the methods applied to the raw data resulting in the pre-processed data 
•	Time and method of transmission
•	Time horizon of the cooperation - Is a long-term access to the data guaranteed?""

Use a standard text, if possible.
For example, EU member country production data for the primary commodities are obtained from Eurostat (with some minor exceptions) since 2018, in accordance with the Memorandum of Understanding (MoU) between Eurostat and FAO on agriculture statistics.","Data acquisition and data transmission","Adquisición y transmisión de datos","Acquisition et transmission de données"
"CONF","09","Property of data indicating whether they are subject to dissemination restrictions.
Data are protected by confidentiality in cases where unauthorized disclosure could be prejudicial or harmful to the interest of the source or other relevant parties.
(Information relating to this concept is provided by reporting on its sub-concepts)","Confidentiality","Confidencialidad","Confidentialité"
"CONF_POLICY","09.1","Legislative measures, rules or other formal procedures related to statistical confidentiality, which prevent unauthorized disclosure of data that identify a person or economic entity either directly or indirectly: It should provide the assurance that all necessary methods assuring confidentiality have been applied to the data.
Use a standard text, if possible.
FAO Data and statistics are produced in accordance with FAO Policy on Data Protection and the implementation modalities of FAO SDQAF Principle 4 on Data protection and Statistical Confidentiality.","Confidentiality - policy","Política de privacidad","Politique de confidentialité"
"CONF_DATA_TR","09.2","Rules applied for treating the data set with regard to statistical confidentiality to ensure that private information from individual units cannot be accessed and to prevent unauthorized disclosure (e.g. cell suppression, aggregation of sensitive information, aggregation rules on aggregated confidential data).
Use a standard text, if possible.
If any, confidential data are suppressed and not disseminated by FAO. They are marked in the database with SDMX flag “Q - Missing value; suppress”. To avoid residual disclosures, aggregates are also suppressed as necessary.","Confidentiality - data treatment","Confidencialidad - tratamiento de datos","Confidentialité - traitement des données"
"CONF_PRIVACY","09.3","Discuss how privacy sensitive is the information used to produce this or these statistical output data. State which treatments were applied to satisfy privacy concerns. In the case of personal information collected and acquired by FAO, describe how it complies with the organization’s Data Protection Policy  throughout the data lifecycle, including obtaining/renewing the informed consent of data provider and deleting the data once the purpose for which it was collected is achieved. 

When data is coming from external data providers and contains personal information, state what steps have been taken to ensure that the third parties’ security measures for processing and/or transferring the data are at least comparable to those that are required for data of the same confidentiality classification in FAO.","Privacy","Privacidad","Confidentialité"
"REL_POLICY","10","Rules for disseminating statistical data to users and all interested parties. (Information relating to this concept is provided by reporting on its sub-concepts)","Release policy","Política de publicación","Politique de publication"
"REL_CAL_POLICY","10.1","Schedule of statistical release dates. The policy regarding the release of statistics according to a preannounced schedule should be described. It should also be mentioned if a release calendar for the data set in question exists and if this calendar is publicly accessible.","Release calendar","Calendario de publicación","Calendrier de publication"
"REL_CAL_ACCESS","10.2","Description of how the release calendar can be accessed. The release date of the statistical output(s) should be included in FAO Data Release Calendar and a weblink to this calendar should be provided to access it (https://view.officeapps.live.com/op/view.aspx?src=https%3A%2F%2Fwww.fao.org%2Fdocs%2Fstatisticslibraries%2Finternal-presentations%2Ffao_data_release_calendar.xlsx%3Fsfvrsn%3D526bb8f4_3&wdOrigin=BROWSELINK)","Release calendar access","Acceso al calendario de publicación","Accès au calendrier de publication"
"REL_POL_US_AC","10.3","Policy for release of the data to users, scope of dissemination (e.g. to the public, to selected users), how data users are informed that the data are being released, and whether the policy allows the dissemination of statistical data to all users.

Use a standard text, if possible.
This data domain is disseminated according to FAO's Open Data Licensing for Statistical Databases Policy, under the Creative Commons Attribution 4.0 International license (CC-BY 4.0; https://creativecommons.org/licenses/by/4.0/) and are subject to FAO Statistical Database Terms of Use (https://www.fao.org/contact-us/terms/db-terms-of-use/en/).

Add and customize the following additional text, when dataset is subject to third party terms of use (e.g. FAO datasets based on COMTRADE, ILO or OECD data).
For this particular data domain, data sourced from [Name of data source] and only marginally processed by FAO might be subject to additional restrictions. Please consult [Name of data source]'s copyright notice for more details ([URL of copyright notice])","User access","Acceso de usuario","Accès de l'utilisateur"
"REL_SPDX_CODE","10.4","This is a field introduced by FAO to describe the standard license in a machine readable formal (based on standard coding systems, in particular SPDX ISO/IEC 5962:2021).
For all databases listed under Open Data Licensing for Statistical Databases Policy, this field should be:
https://creativecommons.org/licenses/by/4.0/","Open data license","Licencia de datos abiertos","Licence de données ouvertes"
"FREQ_DISS","11","Time interval at which the statistics are disseminated over a given time period. The frequencies with which data are released (e.g. monthly, quarterly, yearly), which could be different from the frequency of data collection.","Frequency of dissemination","Frecuencia de publicación","Fréquence de publication"
"ACCESS_CLARITY","12","Accessibility refers to the set of conditions and modalities by which users can obtain, use and interpret data. Clarity refers to the availability of various dissemination formats and adequate documentation: whether data are accompanied with appropriate metadata, illustrations such as graphs and maps, whether information on their quality are also available (including limitation in use), and the extent to which additional assistance is provided. (Information relating to this concept is provided by reporting on its sub-concepts)","Accessibility and clarity","Accesibilidad y claridad","Accessibilité et clarté"
"NEWS_REL","12.1","Information on regular or ad-hoc press releases or other kind of similar releases linked to data or metadata.","News release","Comunicado de prensa","Communiqué de presse"
"PUBLICATIONS","12.2","Regular or ad-hoc publications in which the data are made available to the public. This includes references to the most important data dissemination done through paper or online publications (e.g. yearbook), including a summary identification and information on availability of the publication means.","Publications","Publicaciones","Publications"
"ONLINE_DB","12.3","Information and weblink to the online database in which the disseminated data can be accessed.
As per FAO Statistical Standard on Quality indicators for external users , quantitative measures of accessibility of the data (in terms of number of visits and downloads) should be provided here.","Online database","Base de datos en línea","Base de données en ligne"
"MICRO_DAT_ACC","12.4","Information on whether microdata are also disseminated which applies to only some statistical process and data sets. Description of if and how the data set is accessible as micro-data (e.g. weblink to the Food and Agriculture Microdata catalogue: http://www.fao.org/food-agriculture-microdata/en/).","Micro-data access","Acceso a microdatos","Accès aux micro-données"
"DISS_OTHER","12.5","References to the other main data dissemination outlets. This may include other publications, policy papers, and also as a sub-element, ""Supplementary data"", i.e. any customized tabulation that can be provided to meet specific requests (including information on procedures for obtaining access to these data).","Other formats","Otros formatos","Autres formats"
"DOC_METHOD","12.6","Descriptive text and/or references to methodological documents available to better understand the methods used to produce the statistical output(s) and the resulting data. In particular, list reference metadata files, methodological papers, summary documents and handbooks relevant to the statistical process(es) applied and statistical output(s) produced. Methodological publications should be cited using FAOSTYLE:
Online publication
Author. Year of publication. Publication title. Series title, Series number. Place of publication, Publisher. URL
Print publication
Author. Year of publication. Publication title. Series title, Series number. Place of publication, Publisher.","Documentation on methodology","Documentación sobre la metodología","Documentation sur la méthodologie"
"RELEVANCE","13","Degree to which the statistics produced, including through the use new data sources, meet the current and potential data user needs. The potential added value of a new data source (most probably a non-statistical data source) to an existing statistical product is thus an important element to highlight (e.g. detailed data on particular sub-groups, or information on grid-level instead of district level or potential replacement of questions of a survey through information of the new data source). Relevance also refers to the processes for monitoring the relevance and practical usefulness of existing statistics in meeting users' needs and how these processes impact the development of statistical programmes. (Information relating to this concept is provided by reporting on its sub-concepts)","Relevance","Relevancia","Pertinence"
"USER_NEEDS","13.1","Description of requirements with respect to the statistical output. With respect to the statistical data to be provided, the main data users (e.g. official authorities, the general public or others) and user needs should be stated e.g. official authorities with the needs for policy indicators; e.g. the World Trade Organization uses the data for its trade policy review, etc.). The information is typically collected through user satisfaction surveys, user consultations and feedback from domain specific working groups. If available, a classification of users should be reported indicating their relative importance and an assessment of the key outputs desired by different categories of users.","User needs","Necesidades del usuario","Besoins des utilisateurs"
"USER_SAT","13.2","Description of how well the disseminated statistics meet the expressed user needs. If user satisfaction surveys are conducted, the main results should also be reported (in the form of a user satisfaction index if available). The date of the most recent user satisfaction survey should also be mentioned. 
As per FAO Statistical Standard on Quality indicators for external users , a quantitative measure of users’ satisfaction should be provided here (average proportion of satisfied users). 
Any additional indication or measure to report on user satisfaction could also be reported here with reference to FAO Statistical Standard on User consultation .","User satisfaction","Satisfacción del usuario","Satisfaction des utilisateurs"
"COMPLETENESS","13.3","Extent to which all statistics that are needed are available. This normally compares the “ideal” data set required by the main users to the available one.
As per FAO Statistical Standard on Quality indicators for external users , a quantitative measure of geographic completeness should be provided here.","Completeness","Exhaustividad","Exhaustivité"
"ACCURACY","14","Accuracy refers to the closeness of estimates to the true values that statistics were intended to measure. Reliability refers to the closeness of the initial estimates to the subsequent or final estimates. (Information relating to this concept is provided by reporting on its sub-concepts)","Accuracy and reliability","Precisión y fiabilidad","Précision et fiabilité"
"ACCURACY_OVERALL","14.1","Assessment of accuracy linked to a certain data set or domain. This metadata element is used to describe the main sources of random or systematic error (e.g. measurement error, non-response error) in the statistical outputs which may be generated in any phase of the FAO statistical process (FAO data collection, treatment, processing and dissemination), with special focus on the impact on key estimates at the FAO corporate level. It should provide a qualitative and quantitative assessment of the variability and potential bias (sign and order of magnitude) associated to each key indicator produced and disseminated by FAO. 
As per FAO Statistical Standard on Quality indicators for external users , applicable quantitative measures of accuracy should be provided here (for instance, questionnaire reporting rate, weighted questionnaire reporting rate, percentage of missing data and percentage of official data).","Overall accuracy","Precisión general","Précision générale"
"MODEL_ASSUMP_ERR","14.2","Error due to adoption of statistical models needed to estimate a variable or an indicators that will contribute to the main statistical outputs of the process. This concept focuses on errors that occur are typically those related to not holding of the key assumptions underlying the model (including the risk of application of not fully adequate models e.g. a linear model when the relationship is not-linear). All FAO processes where production of final regional/global estimates is largely based on the application of statistical models should describe the potential model assumption errors and assess their impact on the accuracy of results.","Model assumption error","Error de suposición del modelo","Erreur d'hypothèse du modèle"
"IMPUTATION_RATE","14.3","Ratio of the number of replaced values to the total number of values for a given variable.
Imputation should be documented with reference to FAO Statistical Standard on imputation . If there is missing data, give detailed description of the methods used for imputation. For non-statistical data sources, indicate the reason why data were not collected (e.g. selection bias, technical issues, etc.). Imputation indicators (i.e. percentage of imputed values and contribution of imputed values to totals) should be reported in line with FAO Statistical Standard on Quality indicators for external users .","Imputation indicators","Indicadores de imputación","Indicateurs d'imputation"
"REV_POLICY","14.4","Policy aimed at ensuring the transparency of disseminated data, whereby preliminary data are compiled that are later revised. Description of the general guidelines for handling data revisions applied by FAO or the statistical unit.","Data revision - policy","Política de revisión de datos","Politique de révision des données"
"REV_PRACTICE","14.5","Information on the data revision practice. This provides documentation regarding the source data used and the way they are adjusted, in order to give compilers the possibility of incorporating new and more accurate information into estimates, thus improving their accuracy without introducing breaks in the time series. It also describes the revision status of available data. Data may also be subject to regular or ad-hoc revisions as a result of the introduction of new classifications, compilation frameworks and methodologies which result in the compilation of historical data that replace previously released data. 
Quantitative revision indicators should be disseminated here in line with recommended FAO Statistical Standard on Data revision  and FAO Statistical Standard on Quality indicators for external users .","Data revision - practice","Práctica de revisión de datos","Pratique de révision des données"
"TIMELINESS_PUNCT","15","(Information relating to this concept is provided by reporting on its sub-concepts)","Timeliness and punctuality","Oportunidad y puntualidad","Respect des délais et ponctualité"
"TIMELINESS","15.1","The speed of dissemination of statistical outputs - i.e. the lapse of time between the end of a reference period (or a reference date) and the dissemination of the statistical outputs (e.g. quarter, month of the following year).
Quantitative measures of timeliness (e.g Number of months between data availability and the event or phenomenon) should be provided here. Recommended timeliness indicators can be found in FAO Statistical Standard on Quality indicators for external users . 
Example of reporting on timelines indicators: Data are normally received 11 months after the reference year and processed and disseminated by FAO within 2 months.","Timeliness","Oportunidad","Respect des délais"
"PUNCTUALITY","15.2","Time lag existing between the actual delivery date of statistical outputs and the target date when they should have been delivered, for instance, with reference to dates announced in an official public release calendar or previously agreed among partners.
When a target date of dissemination is set by FAO, a quantitative measure of punctuality should be provided here as per FAO Statistical Standard on Quality indicators for external users .","Punctuality","Puntualidad","Ponctualité"
"COHER_COMPAR","16","Coherence is the adequacy of the statistical outputs to be meaningfully combined in different ways and for various uses.
Comparability refers to the extent to which differences between different geographical areas, non-geographical domains, or over time, can be attributed to differences between the true values of the statistical characteristics.
(Information relating to this concept is provided by reporting on its sub-concepts)","Coherence and comparability","Coherencia y comparabilidad","Cohérence et comparabilité"
"COMPAR_GEO","16.1","Extent to which statistics are comparable between geographical areas, countries or regions. It includes the description of the reasons of problems and as well the order of magnitude of the effects of the main sources of errors.
It refers to the degree of comparability between similar results measuring the same phenomenon across geographical areas or regions (e.g. There is limited geographical comparability due to differences between countries in methods and coverage; e.g. Worldwide geographical comparison is possible; e.g. Data are mostly comparable over countries and regions).","Comparability - geographical","Comparabilidad - geográfica","Comparabilité - géographique"
"COMPAR_TIME","16.2","Extent to which statistics are comparable or reconcilable over time. It provides information on the length of comparable time series, reference periods at which series breaks occur, the reasons for the breaks and treatments of them (e.g. For short time periods, reasonably good comparability over time can be expected, as there is stability in the product definition and classification. However, as the time series are very long (from 1955) full comparability over time is impossible).
Additionally, provide information about the comparability over time of the methods used to produce the data; the stability of the data access, and the changes in the covered population over time give also an assessment of how the over time comparability of the data will develop in the future.
Finally, as per FAO Statistical Standard on Quality indicators for external users , this field should include a quantitative measure of comparability (number of comparable data items in time series).","Comparability - over time","Comparabilidad - temporal","Comparabilité - temporelle"
"COHERENCE","16.3","Coherence is the adequacy of the statistical outputs to be meaningfully combined in different ways and for various uses.
For this sub-concept, information should be provided on the extent to which statistics are reconcilable with those obtained through other data sources or statistical domains and extent to which the statistics are consistent within a given data set.

As per FAO Statistical Standard on Quality indicators for external users , this field should include quantitative measures of differences or relative differences in the statistical results calculated on the basis of different statistical domains based on different methodologies.","Coherence","Coherencia","Cohérence"
"CLASS_SYSTEM","16.4","List of classification(s) used, and description of how these conform to internationally agreed standards. 
When relevant, deviations from international standard classifications should be documented. In particular, deviations from international classifications caused by the use of a particular data sources (e.g. a big data source) should be explained. 

A weblink reference to the classification should be included if available.","Classification system","Sistema de clasificación","Système de classification"
"STAT_PROCESS","17","(Information relating to this concept is provided by reporting on its sub-concepts)","Statistical process","Proceso estadístico","Processus statistique"
"SOURCE_TYPE","17.1","Characteristics and components of the statistical data used by FAO for compiling statistical aggregates from national primary statistics and also organizations. This is used to indicate whether the data set is based on a survey, on administrative data sources, on a mix of multiple data sources or on data from other statistical activities (e.g. The main national data sources are normally sample surveys, censuses and sometimes administrative sources. Other sources of the primary data are organizations).
Only if available and relevant some sample characteristics sample surveys should also be given (e.g. gross and net sample size, type of sampling design, reporting domain etc.). If administrative registers are used, the description of registers should be given (source, year, primary purpose, potential deficiencies etc.). Description should be given at the level of FAO data collection not each country specific situation.
A reference to the SSS on the use of external data sources  could be included for datasets using external data sources identified in the standards: 
Some of the data contained in this statistical domain were sourced from [Data source name] based on FAO Standards on use of external sources available at: https://www.fao.org/3/cb9343en/cb9343en.pdf.

For datasets sourced from a third party (e.g. COMTRADE, OECD, ILO or other FAOSTAT datasets), cite the data sources using FAOSTYLE:
Author. Year of last update. Name of database: Name of dataset OR Name of database. [Accessed on DD Month YYYY]. URL. Licence: CC Licence (or link to copyright notice)","Source data","Fuente de datos","Source de données"
"FREQ_COLL","17.2","Time interval at which the source data are collected/acquired by FAO. This is used to indicate the frequency of data collection/acquisition and recording (e.g. monthly, quarterly, annually, continuous).","Frequency of data collection and acquisition","Frecuencia de recopilación y adquisición de datos","Fréquence de collecte et d'acquisition des données"
"COLL_METHOD","17.3","Method applied by FAO for gathering data for official statistics. Description of data collection methods used, including computer assisted interviewing (CAPI/CAWI), on-line surveys, mailed questionnaires administrative data sources, web-scraping and crowdsourcing sources (e.g. national data are collection through questionnaires that are automatically generated by the FAO Statistical Working System).
A reference to FAO Statistical Standard on collecting data from national institutions  should be included.
For non-statistical data sources (including Big Data):
•	Describe the methods used for data acquisition and recording, including methods used by data providers/third parties if data were acquired through data sharing agreements.
•	Add or specify where to find the hyperlink(s) of web data used, or add name of the API used to collect the data (when relevant)","Data collection method","Método de recopilación de datos","Méthode de collecte des données"
"DATA_VALIDATION","17.4","Process of monitoring the results of data compilation and ensuring the quality of the statistical results (see also 16.3. Coherence). Data validation describes all methods and processes (e.g. such as data editing, imputation of missing values) for assessing statistical data, and how the results of the assessments are monitored and made available to improve statistical processes (e.g. The data undergoes comprehensive validation work that covers: detection of outliers, transmission errors and data consistency checks; e.g. Countries asked to examine the disseminated results for their country and either to confirm that they are correct or to provide remarks and / or revised data if they identify errors).
A reference to FAO Statistical Standard on Data editing and validation of input data   should be included.
For statistical outputs based on non-statistical data sources, discuss the linkage(s) of the data sources with other sources, and linkage methods used for the validation of the outputs (if relevant).","Data validation","Validación de datos","Validation des données"
"DATA_COMP","17.5","Operations performed on data to derive new information according to a given set of rules. Description of the data compilation process for deriving the main statistical outputs (aggregates, indicators, etc.) starting from the validated input data (e.g. FAO is responsible for compiling the data and generating regional aggregates).","Data compilation","Recopilación de datos","Compilation de données"
"REG_AGG","17.6","Methods used to produce global, regional and sub-regional aggregates. A reference FAO Statistical Standard on Data aggregation  should be included.","Regional aggregation","Agregación regional","Agrégation régionale"
"ADJUSTMENT","17.7","Set of procedures employed to modify statistical data to enable it to conform to international standards or to address data quality differences when compiling specific data sets such as seasonal adjustment, exchange rates, prices, time series decomposition and other methods.
Adjustments are in particular applied to compile consistent time series, but the concept is also used for describing adjustments related to other types of data (e.g. For quarterly data, seasonally and calendar adjusted data are compiled using an indirect approach, i.e. based on the submitted country figures).","Adjustment","Ajustamiento","Ajustement"
"IMPUTATION","17.8","Procedures used to impute data items where response were missing, unusable or discarded due to expected low quality. A reference to FAO Statistical Standard on Imputation  should be included.","Imputation","Imputación","Imputation"
"QUALITY_MGMNT","18","Systems and frameworks in place within an organization to manage the quality of statistical products and processes. (Information relating to this concept is provided by reporting on its sub-concepts)","Quality management","Gestión de la calidad","Gestion de la qualité"
"QUALITY_ASSURE","18.1","All the planned and systematic activities implemented that can be demonstrated to provide confidence that the data production processes to fulfill the requirements for the statistical output, including measures for ensuring the efficient use of resources.
The concept includes the design of programmes for quality management, the description of planning process, and other organizational arrangements to support and maintain planning function and brief description on how it is implemented for the domain-specific quality assurance activities (the use of best practices, quality reviews, self-assessments, compliance monitoring, internal audits, checklist for assessment of databases. etc.).
Use a standard text, if possible.
E.g. FAO is responsible for the quality of the internal statistical processes used to compile the published datasets. The FAO Statistics and Data Quality Assurance Framework (SDQAF), available at:  http://www.fao.org/3/cc6683en/cc6683en.pdf, provides the necessary principles, guidelines and tools to carry out quality assessments. FAO is performing an internal bi-annual survey (the FAO Quality Assessment and Planning Survey (QAPS)) designed to gather information on all of FAO’s statistical activities, notably to assess the extent to which quality standards are being implemented with a view to increasing compliance with the quality dimensions of SDQAF, documenting best practices and prepare quality improvement plans, where necessary. Domain-specific quality assurance activities are carried out systematically (e.g. quality reviews, self-assessments, compliance monitoring).","Quality assurance","Garantía de calidad","Garantie de la qualité"
"QUALITY_ASSMNT","18.2","Overall evaluation of data quality based on standard quality criteria. It includes the result of a scoring or grading process for quality (e.g. QAPS, overall assessment of the database). Scoring may be quantitative or qualitative. A qualitative assessment of the overall quality of the statistical outputs should be provided by summarizing the main strengths and possible quality deficiencies. Any trade-offs between quality aspects can be mentioned as well as planned quality improvements (e.g. if possible, the results of the FAO Quality Assessment and Planning Survey – QAPS should be reported).","Quality assessment","Evaluación de la calidad","Évaluation de la qualité"
"REC_USE_LIM","19","Metadata elements guiding users of the statistics presented and helping them to determine whether the product meets their requirements
(DISCLAIMER CLAUSES)","Recommended uses and limitations","Usos recomendados y limitaciones","Utilisations recommandées et limitations"
"COMMENT","20","Supplementary descriptive text which can be attached to data or metadata.","Comment","Comentario","Commentaire"
