Group,Member
27,71
27,1263
27,1264
28,4
28,5
28,72
28,1201
28,1407
28,1408
28,1409
28,1410
28,1411
28,1788
29,7
30,8
31,9
31,10
31,1003
31,1159
31,1160
31,1620
32,11
33,12
33,13
34,14
34,15
34,16
34,17
34,18
34,19
34,1161
35,1
35,20
35,21
35,22
35,23
35,24
35,25
35,26
35,1005
35,1006
35,1007
35,1008
35,1009
35,1010
35,1011
35,1012
35,1013
35,1014
35,1015
36,37
36,147
36,248
36,285
36,911
37,38
37,39
37,40
37,41
37,42
37,146
37,1294
38,27
38,1291
39,28
40,29
40,30
40,31
41,32
41,33
41,34
41,341
41,1148
42,35
42,67
42,68
42,69
42,70
42,137
42,138
42,139
42,140
67,2
67,43
67,44
67,46
67,47
67,48
67,50
67,73
67,89
67,90
67,1016
67,1017
67,1018
67,1019
67,1020
67,1021
67,1022
67,1023
67,1024
67,1162
67,1412
67,1413
67,1414
67,1415
67,1621
67,1779
68,51
68,52
68,54
68,1025
68,1026
68,1033
68,1034
68,1035
68,1036
68,1037
68,1038
68,1039
68,1040
68,1041
68,1042
68,1043
68,1044
68,1045
68,1049
68,1050
68,1054
68,1056
68,1057
68,1149
68,1150
68,1151
68,1416
69,53
69,58
69,91
69,119
69,1027
69,1028
69,1029
69,1030
69,1031
69,1032
69,1046
69,1047
69,1048
69,1051
69,1052
69,1053
69,1055
69,1058
69,1207
70,59
70,60
70,61
70,62
70,63
70,64
70,65
70,66
70,1213
82,83
82,860
82,1288
83,88
83,1357
83,1360
83,1741
88,384
88,859
88,975
88,982
88,983
88,1364
88,1579
88,1667
88,1669
103,104
103,251
103,1439
105,106
107,108
137,112
137,113
137,114
137,115
137,116
137,117
137,118
137,1223
137,1245
137,1293
137,1417
137,1418
137,1419
137,1811
137,1812
138,55
138,56
138,74
138,120
138,121
138,853
138,1163
138,1216
138,1420
138,1421
138,1422
138,1423
138,1424
138,1425
138,1790
139,122
139,123
139,1164
139,1202
139,1426
139,1605
139,1814
139,1815
139,1816
140,124
141,125
141,126
141,127
142,128
143,129
143,131
143,1062
143,1625
144,132
145,133
145,134
145,136
145,150
145,151
145,152
145,1225
145,1226
146,141
146,1622
147,148
147,149
147,179
147,247
147,1298
148,142
148,143
148,1296
149,144
149,145
149,1059
176,92
176,153
176,154
176,155
176,156
176,157
176,158
176,159
176,901
176,1063
176,1064
176,1065
176,1066
176,1067
176,1068
176,1069
176,1070
176,1071
176,1072
176,1152
177,93
177,94
177,161
177,162
177,163
177,164
177,165
177,166
177,167
177,169
177,1073
177,1074
177,1075
177,1076
177,1077
177,1078
177,1079
177,1080
177,1147
177,1165
177,1427
177,1428
177,1429
177,1430
177,1626
177,1785
178,170
178,171
178,172
178,173
178,181
178,182
178,1081
178,1082
178,1089
178,1090
178,1091
178,1092
178,1093
178,1094
178,1095
178,1096
178,1097
178,1099
178,1103
178,1105
178,1153
178,1154
178,1155
178,1156
178,1157
178,1158
178,1786
179,176
179,177
179,178
179,211
179,212
179,213
179,239
179,240
179,241
211,97
211,174
211,175
211,180
211,188
211,214
211,1083
211,1084
211,1085
211,1086
211,1087
211,1088
211,1098
211,1100
211,1101
211,1102
211,1104
211,1107
211,1208
212,189
212,190
212,191
212,192
212,193
212,194
212,195
212,196
212,1214
213,96
213,197
213,198
213,199
213,200
213,201
213,202
213,203
213,204
213,205
213,206
213,207
213,208
213,209
213,210
213,1224
213,1246
213,1297
213,1431
213,1432
213,1567
213,1568
213,1569
213,1570
213,1818
213,1819
239,79
239,95
239,183
239,184
239,185
239,186
239,187
239,215
239,216
239,1217
239,1433
239,1434
239,1435
239,1436
239,1437
239,1791
240,217
240,218
240,219
240,1203
240,1438
240,1604
240,1820
240,1821
241,220
242,98
242,99
242,100
242,101
242,102
242,221
242,222
242,223
243,224
244,225
244,226
244,899
244,1109
244,1627
245,227
245,228
245,229
245,230
245,1110
245,1111
245,1112
245,1113
245,1114
245,1115
245,1116
245,1117
245,1118
245,1304
245,1305
245,1784
246,231
246,232
246,233
246,234
246,235
246,236
246,238
246,1119
246,1120
246,1121
246,1122
246,1123
246,1124
246,1125
246,1126
246,1127
247,242
247,1300
248,1301
248,1309
249,243
249,244
249,1302
250,103
250,245
250,246
250,276
250,277
250,278
250,279
250,1306
250,1440
276,252
277,253
277,254
277,255
277,256
278,257
278,1169
278,1628
279,258
279,1204
279,1237
279,1792
279,1822
279,1823
279,1824
281,260
281,261
281,1129
281,1649
282,109
282,263
282,1260
283,264
283,265
283,266
283,267
283,268
283,269
283,270
283,1130
283,1131
283,1132
283,1133
283,1134
283,1135
283,1136
283,1137
283,1320
283,1321
284,271
284,272
284,273
284,274
284,275
284,290
284,291
284,292
284,294
284,1138
284,1139
284,1140
284,1141
284,1142
284,1143
284,1144
284,1145
284,1146
284,1446
285,286
285,322
285,351
285,1206
285,1356
286,287
286,288
286,289
286,1322
287,281
287,1445
288,107
288,282
288,1128
289,283
289,284
289,312
289,313
289,314
289,315
289,316
289,317
289,318
312,3
312,297
313,295
313,296
313,299
313,1209
313,1447
313,1448
314,300
314,301
314,302
314,303
314,304
315,305
315,1171
315,1650
316,298
316,306
316,1218
316,1576
317,307
317,1205
317,1238
317,1603
317,1810
317,1829
317,1880
318,308
319,309
320,310
321,311
322,323
322,324
322,325
322,1329
323,319
324,320
324,1324
325,321
325,343
325,344
325,345
325,1327
341,342
343,326
343,327
343,328
343,329
343,330
343,331
343,332
343,1257
344,1326
345,334
346,335
347,336
347,337
347,338
347,339
347,1651
348,340
351,352
352,346
352,347
352,348
354,356
382,393
384,357
384,379
384,394
384,395
384,396
384,411
384,961
384,1727
384,1728
384,1729
384,1730
384,1731
384,1782
384,1834
384,1835
386,400
386,1675
387,969
387,1577
388,1250
389,406
389,1464
389,1676
390,372
390,408
390,1385
391,414
392,405
392,416
407,409
409,410
409,1679
420,429
420,1387
421,407
421,422
421,423
421,424
421,1467
422,430
422,431
422,432
423,433
423,434
423,435
423,436
423,437
423,438
423,1388
423,1465
423,1681
424,439
425,1386
425,1677
426,1219
427,378
427,443
428,448
429,363
429,364
429,365
429,366
429,373
429,374
429,449
429,450
429,452
430,453
431,57
431,160
431,454
432,455
433,45
433,456
433,457
434,458
434,459
434,904
435,460
435,461
435,462
435,919
436,463
436,464
436,1680
437,465
437,1220
438,466
438,467
439,468
469,470
469,545
469,913
469,1778
470,471
470,473
470,499
470,522
470,1393
471,474
473,476
473,477
473,478
473,479
473,480
473,481
474,1470
474,1798
476,485
476,486
476,1472
477,487
477,1473
477,1474
477,1799
477,1838
478,488
478,489
478,490
478,491
478,492
478,493
478,1170
478,1172
478,1174
478,1175
478,1178
478,1179
478,1180
478,1182
478,1183
478,1475
478,1476
478,1477
478,1800
479,1167
480,494
480,495
480,496
480,497
480,920
480,1390
480,1801
480,1802
480,1839
480,1840
480,1841
480,1842
481,498
481,1803
499,500
499,501
499,502
499,526
499,527
499,1166
499,1184
500,503
500,504
500,505
500,506
500,507
500,508
500,509
500,1594
501,375
501,510
501,511
501,512
501,513
501,514
501,1188
501,1190
501,1192
501,1193
501,1194
501,1196
501,1197
501,1199
501,1200
501,1479
501,1480
501,1481
502,515
502,516
502,517
502,518
502,519
502,520
502,521
502,849
502,1391
502,1392
502,1482
502,1683
502,1684
502,1877
502,1878
522,528
522,529
522,530
522,1596
523,531
525,533
525,534
525,535
525,536
525,537
525,538
525,565
525,1749
526,539
527,540
528,541
528,1843
529,542
529,1846
529,1847
529,1848
529,1849
529,1850
530,543
530,1851
531,544
533,546
533,547
533,850
533,1606
534,548
534,549
534,550
534,551
534,1807
535,552
535,1493
535,1494
536,553
536,1495
537,554
537,555
537,894
537,1687
538,556
538,557
538,558
538,559
538,560
538,561
538,562
538,1395
538,1854
545,523
545,525
545,563
545,564
545,1399
563,566
563,567
563,568
563,569
563,570
563,571
563,572
563,1754
564,574
564,575
564,1498
564,1499
564,1500
564,1501
564,1598
564,1759
565,579
565,921
565,922
565,1808
566,580
566,581
566,1607
567,582
567,583
568,584
568,1855
568,1856
568,1857
569,585
569,1858
570,586
570,587
570,895
570,1809
570,1859
571,588
571,589
571,590
571,591
571,592
571,593
571,594
571,595
571,1397
571,1860
571,1861
571,1862
571,1867
571,1868
572,596
572,923
574,599
574,600
574,601
574,857
574,909
574,951
574,1398
574,1787
574,1871
574,1872
574,1873
574,1875
574,1876
575,602
575,924
576,603
577,604
578,605
606,613
606,1509
607,609
608,610
611,612
611,644
611,685
612,606
612,910
612,915
612,1527
613,617
614,618
614,619
614,620
614,621
614,622
614,623
614,624
614,625
614,852
614,1511
614,1512
614,1513
614,1514
614,1515
614,1516
615,626
615,627
615,854
615,954
615,1517
616,86
616,628
616,629
616,630
616,631
616,632
616,633
616,634
616,635
616,636
616,637
616,638
616,639
616,640
616,641
616,642
616,643
616,692
616,693
616,694
616,695
616,949
616,1215
616,1232
616,1233
616,1402
616,1518
616,1519
616,1520
616,1521
644,648
645,649
645,652
645,653
645,655
645,656
645,658
645,659
645,661
645,662
645,664
645,668
645,1266
645,1522
645,1523
645,1524
645,1698
646,85
646,669
646,670
646,671
646,672
646,673
646,674
646,675
646,874
646,950
646,1221
647,676
648,678
648,679
648,680
648,682
648,683
648,684
648,883
648,902
648,1789
685,1532
685,1534
685,1546
685,1564
704,705
704,708
704,737
705,706
706,710
706,712
706,713
706,1234
706,1600
708,709
709,716
709,717
709,718
709,719
709,738
709,739
709,740
709,1771
710,720
710,721
710,1547
710,1548
710,1549
712,723
712,724
712,725
712,727
712,877
712,1589
713,726
713,728
716,729
716,730
716,1609
717,731
717,1601
718,733
718,1590
718,1591
719,734
737,743
738,745
738,747
738,748
739,749
739,751
739,958
739,1550
739,1551
739,1552
739,1711
740,349
740,750
740,752
743,753
743,754
755,756
755,757
755,758
755,759
755,918
756,1554
757,1556
757,1558
758,766
759,767
760,768
760,769
760,770
760,1242
761,772
762,773
762,1243
763,774
763,1244
764,777
764,778
764,779
764,780
764,781
764,782
764,783
765,784
766,785
766,786
766,787
766,788
767,789
767,790
791,792
791,1553
792,801
793,819
793,820
793,821
793,823
793,1239
796,811
796,812
796,813
796,814
797,815
798,799
798,800
799,816
800,817
801,818
804,825
804,1240
805,822
805,824
805,1241
806,828
806,829
806,830
806,831
806,832
806,833
806,834
807,835
808,826
808,827
808,836
808,1222
809,837
809,1602
811,839
812,840
813,841
814,842
815,843
815,844
815,845
816,846
816,847
816,1252
817,848
817,1253
855,382
859,1459
860,420
860,861
860,862
860,863
860,1747
861,386
862,387
862,388
863,354
863,389
863,390
863,391
863,392
863,425
863,426
863,427
863,428
871,791
871,796
871,797
872,873
875,36
875,469
875,704
875,960
875,1777
896,897
896,1715
905,798
905,871
910,615
910,616
910,645
910,646
910,647
910,872
910,955
910,1525
910,1696
915,614
915,952
915,1401
925,926
925,928
925,929
925,930
925,931
925,932
925,933
925,934
925,1254
936,937
936,938
936,1255
939,940
939,941
939,942
939,943
944,946
944,947
944,948
944,984
944,986
944,987
944,988
944,989
944,990
944,991
944,992
944,993
944,994
944,995
944,997
944,998
944,999
944,1000
944,1001
944,1256
952,953
955,956
960,82
960,421
960,855
960,912
965,105
965,966
965,1303
966,967
966,968
966,1259
975,972
975,973
975,974
975,1366
975,1578
975,1732
975,1733
975,1734
975,1735
982,415
982,976
982,1363
983,981
983,1666
983,1736
983,1737
1004,935
1059,1060
1059,1061
1059,1247
1128,1319
1148,900
1148,1002
1148,1292
1166,1168
1184,1185
1184,1186
1184,1478
1206,1248
1206,1331
1227,1314
1227,1316
1227,1443
1227,1632
1234,1235
1234,1236
1248,1339
1248,1342
1248,1458
1248,1655
1288,1367
1288,1371
1288,1460
1288,1562
1291,6
1294,1295
1296,1210
1298,1299
1300,884
1300,1265
1301,249
1301,250
1301,965
1301,1307
1302,1211
1303,1108
1306,280
1307,1308
1309,1227
1309,1310
1310,1311
1310,1313
1311,1312
1311,1629
1312,963
1313,964
1314,1315
1314,1631
1316,1317
1316,1318
1316,1571
1316,1573
1316,1637
1316,1639
1316,1641
1316,1645
1316,1647
1317,1228
1317,1643
1318,1229
1322,1323
1324,1325
1327,333
1327,1328
1329,1330
1331,1332
1331,1334
1331,1336
1332,1333
1333,130
1333,1652
1334,1335
1335,75
1336,1337
1336,1338
1337,76
1337,77
1338,80
1339,1340
1340,1341
1340,1653
1340,1654
1342,1343
1342,1347
1342,1349
1342,1351
1342,1352
1342,1355
1342,1449
1342,1454
1342,1660
1343,78
1343,886
1343,887
1343,888
1343,889
1343,1258
1343,1270
1343,1271
1343,1344
1343,1345
1343,1346
1343,1452
1343,1453
1343,1657
1343,1776
1347,892
1347,1273
1347,1348
1349,890
1349,1269
1349,1274
1349,1350
1349,1561
1351,1230
1351,1272
1351,1658
1352,1353
1352,1354
1352,1659
1355,81
1355,1457
1356,1249
1357,1358
1358,1359
1358,1796
1360,1361
1360,1664
1360,1723
1361,403
1361,1362
1361,1725
1364,397
1364,1365
1367,1368
1367,1370
1368,401
1368,402
1368,1369
1368,1745
1370,370
1371,1372
1371,1373
1371,1374
1371,1376
1371,1378
1371,1380
1371,1381
1371,1383
1371,1673
1372,368
1373,369
1373,412
1373,1262
1373,1746
1373,1780
1373,1781
1374,362
1374,1375
1376,444
1376,1377
1378,962
1378,970
1378,971
1378,1261
1378,1379
1378,1783
1380,440
1380,1672
1381,442
1381,1382
1383,1384
1387,399
1387,451
1387,885
1387,1290
1387,1678
1388,418
1388,1389
1393,1483
1393,1486
1393,1487
1393,1489
1393,1492
1399,1503
1399,1504
1399,1505
1399,1506
1399,1611
1399,1618
1399,1690
1399,1695
1401,1251
1440,1441
1440,1442
1443,1444
1445,1212
1449,1450
1449,1451
1454,1455
1454,1456
1458,1231
1460,1461
1461,1462
1461,1671
1465,1466
1467,1468
1467,1469
1483,1484
1483,1485
1486,1278
1486,1592
1486,1593
1487,1275
1487,1276
1487,1488
1489,1277
1489,1490
1489,1491
1489,1563
1489,1685
1489,1879
1492,1279
1498,1268
1498,1608
1498,1688
1499,573
1499,597
1500,893
1500,1869
1500,1870
1501,1404
1503,1283
1503,1583
1503,1584
1504,1281
1505,1285
1505,1400
1505,1585
1505,1586
1505,1694
1506,1287
1506,1507
1509,1510
1525,1526
1525,1699
1527,87
1527,698
1527,699
1527,1528
1527,1529
1527,1530
1527,1531
1532,1533
1532,1700
1533,690
1533,691
1533,1770
1534,1535
1534,1538
1534,1540
1534,1543
1534,1702
1534,1704
1534,1706
1534,1708
1535,681
1535,1536
1535,1537
1535,1710
1538,1539
1538,1610
1540,1541
1540,1542
1543,700
1543,701
1543,703
1543,881
1543,882
1543,977
1543,978
1543,979
1543,1544
1543,1545
1546,914
1546,1616
1546,1617
1553,793
1553,804
1553,805
1553,806
1553,807
1553,808
1553,809
1554,760
1554,761
1554,1555
1554,1587
1555,771
1556,1557
1556,1713
1557,358
1558,762
1558,763
1558,764
1558,765
1558,896
1558,1559
1558,1560
1559,775
1559,776
1559,1716
1560,898
1562,445
1564,1565
1565,1566
1571,1572
1571,1644
1571,1717
1573,1574
1573,1575
1579,1463
1579,1580
1579,1581
1579,1582
1587,1588
1587,1712
1596,1597
1596,1804
1596,1805
1596,1806
1596,1844
1596,1845
1598,1599
1600,722
1600,957
1611,1612
1611,1692
1611,1693
1618,1619
1618,1689
1622,1623
1622,1624
1629,1630
1632,1633
1632,1635
1633,1634
1635,1636
1637,1638
1639,1640
1641,1642
1645,1646
1647,1648
1647,1793
1647,1794
1647,1825
1647,1826
1647,1827
1655,1718
1655,1722
1660,1661
1660,1663
1660,1795
1660,1830
1660,1831
1660,1832
1660,1833
1664,1665
1664,1726
1667,1668
1667,1738
1667,1739
1667,1797
1669,1670
1669,1740
1673,1674
1681,1682
1690,1691
1695,1764
1695,1765
1695,1766
1695,1767
1695,1768
1695,1769
1696,1697
1700,1701
1702,1703
1704,1705
1706,1707
1708,1709
1713,1714
1718,1719
1718,1720
1718,1721
1722,1656
1723,1724
1741,1742
1741,1743
1741,1744
1747,1748
1749,1750
1749,1751
1749,1752
1749,1753
1754,1755
1754,1756
1754,1757
1754,1758
1759,1760
1759,1761
1759,1762
1759,1763
1771,1772
1771,1773
1771,1774
1771,1775
1777,611
1778,576
1778,577
1778,578
1778,607
1778,608
