"Group","Member"
"56201","57475"
"56201","57476"
"56201","57477"
"56201","57478"
"56201","57563"
"56201","57564"
"56201","57861"
"56201","57894"
"56201","58448"
"56201","58757"
"56201","58758"
"56201","58759"
"56201","58760"
"56201","58761"
"56201","58762"
"56201","58763"
"56201","58764"
"56201","58765"
"56201","58766"
"56201","58767"
"56202","57443"
"56202","57479"
"56202","57480"
"56202","57481"
"56202","57482"
"56202","57483"
"56202","57484"
"56202","57485"
"56202","57486"
"56202","57487"
"56202","57488"
"56202","57558"
"56202","57559"
"56202","57560"
"56202","57561"
"56202","57831"
"56202","57851"
"56202","57959"
"56202","58145"
"56202","58403"
"56202","58413"
"56202","58447"
"56202","58494"
"56202","58495"
"56202","58496"
"56202","58497"
"56202","58498"
"56202","58566"
"56202","58594"
"56202","58595"
"56202","58768"
"56202","58769"
"56202","58770"
"56202","58771"
"56202","58772"
"56202","58773"
"56202","58774"
"56202","58775"
"56202","58776"
"56202","58777"
"56202","58778"
"56202","58779"
"56202","58780"
"56202","58781"
"56202","58783"
"56202","58784"
"56202","58785"
"56202","58786"
"56202","58787"
"56202","58788"
"56202","58789"
"56202","58790"
"56202","58791"
"56202","58792"
"56202","58793"
"56202","58794"
"56202","58795"
"56202","58796"
"56202","58797"
"56202","58798"
"56202","58799"
"56202","58800"
"56202","58801"
"56202","58802"
"56202","58803"
"56202","58804"
"56202","58805"
"56202","58806"
"56202","58807"
"56202","58808"
"56202","58809"
"56202","58810"
"56202","58811"
"56202","58812"
"56202","58813"
"56202","58814"
"56202","58815"
"56202","58816"
"56202","58817"
"56202","58818"
"56202","58819"
"56202","58820"
"56202","58821"
"56202","58822"
"56202","58823"
"56202","58824"
"56202","58825"
"56202","58826"
"56202","58827"
"56202","58828"
"56202","58829"
"56202","58830"
"56202","58831"
"56202","58832"
"56202","58833"
"56202","58834"
"56202","58835"
"56202","58836"
"56202","58837"
"56202","58838"
"56202","58839"
"56202","58840"
"56202","58841"
"56202","59038"
"56202","59039"
"56203","57095"
"56203","58401"
"56203","58402"
"56204","57096"
"56205","57242"
"56206","57098"
"56206","57099"
"56206","57100"
"56206","57101"
"56206","57105"
"56206","57249"
"56206","57250"
"56206","57251"
"56207","57102"
"56207","57103"
"56207","57244"
"56207","57245"
"56207","57246"
"56207","57247"
"56207","57248"
"56208","57104"
"56208","57106"
"56208","57107"
"56208","57108"
"56208","57252"
"56208","57253"
"56208","57254"
"56208","58474"
"56208","58576"
"56208","58577"
"56208","58609"
"56208","59027"
"56209","57109"
"56209","57111"
"56209","57255"
"56209","58578"
"56209","58579"
"56209","58580"
"56210","57115"
"56210","57257"
"56210","58572"
"56210","58573"
"56211","57120"
"56211","57256"
"56211","58484"
"56211","58569"
"56211","58570"
"56212","57121"
"56212","57122"
"56212","57123"
"56214","57125"
"56214","57126"
"56215","57038"
"56215","57039"
"56215","57130"
"56215","57131"
"56215","57132"
"56215","57264"
"56215","58587"
"56215","58588"
"56215","58613"
"56215","58614"
"56216","57133"
"56216","57135"
"56216","57136"
"56216","57175"
"56217","57134"
"56218","57144"
"56218","57536"
"56219","57145"
"56219","57146"
"56219","57339"
"56219","57340"
"56220","57019"
"56220","57020"
"56220","57021"
"56220","57147"
"56220","57148"
"56220","58612"
"56221","57071"
"56221","57177"
"56221","57178"
"56221","57179"
"56221","57341"
"56221","57342"
"56221","57343"
"56221","57344"
"56221","57345"
"56221","57346"
"56221","57347"
"56221","57348"
"56221","57349"
"56221","58651"
"56221","58652"
"56221","58653"
"56222","57137"
"56222","57149"
"56223","57150"
"56223","57299"
"56223","57300"
"56223","57301"
"56223","57302"
"56223","57303"
"56223","57304"
"56223","57305"
"56223","57306"
"56223","57307"
"56223","57308"
"56223","57309"
"56223","57954"
"56223","58400"
"56223","58469"
"56223","58630"
"56223","58631"
"56223","58632"
"56223","58633"
"56223","58634"
"56223","58635"
"56223","58636"
"56223","58637"
"56223","58638"
"56223","59032"
"56223","59033"
"56223","59034"
"56223","59035"
"56224","57151"
"56224","57152"
"56224","57153"
"56224","57296"
"56224","57297"
"56224","57298"
"56224","58585"
"56224","58586"
"56224","58615"
"56224","58616"
"56224","58617"
"56224","58618"
"56224","58619"
"56224","58620"
"56224","58621"
"56224","58622"
"56224","58623"
"56224","58624"
"56224","58625"
"56224","58626"
"56224","58627"
"56224","58628"
"56224","58629"
"56225","57154"
"56225","57155"
"56225","57156"
"56225","57157"
"56225","57158"
"56225","57159"
"56225","57160"
"56225","57161"
"56225","57310"
"56225","57311"
"56225","57312"
"56225","57313"
"56225","57314"
"56225","57315"
"56225","57316"
"56225","57317"
"56225","57318"
"56225","57319"
"56225","57320"
"56225","57321"
"56225","57322"
"56225","57323"
"56225","57327"
"56225","57328"
"56225","57329"
"56225","57330"
"56225","57537"
"56225","58470"
"56225","58639"
"56225","58640"
"56225","58641"
"56225","58642"
"56225","58643"
"56225","58644"
"56225","58645"
"56225","58646"
"56225","58647"
"56225","58648"
"56225","58649"
"56225","58650"
"56225","59028"
"56226","57023"
"56226","57024"
"56226","57025"
"56226","57026"
"56226","57027"
"56226","57028"
"56226","57029"
"56226","57030"
"56226","57031"
"56226","57032"
"56226","57033"
"56226","57034"
"56226","57035"
"56226","57036"
"56226","57037"
"56226","57162"
"56226","57163"
"56226","57164"
"56226","57165"
"56226","58610"
"56226","58611"
"56227","57015"
"56227","57016"
"56227","57166"
"56227","57167"
"56227","57168"
"56227","58683"
"56228","57072"
"56228","57169"
"56228","57170"
"56228","57171"
"56228","57172"
"56228","57173"
"56228","57180"
"56228","57181"
"56228","57288"
"56228","58488"
"56228","58655"
"56228","58656"
"56228","58657"
"56228","58658"
"56228","58659"
"56228","58660"
"56228","58661"
"56228","58662"
"56229","57182"
"56229","57367"
"56229","57368"
"56230","57080"
"56230","57366"
"56230","57369"
"56230","57370"
"56230","57371"
"56230","57372"
"56230","57373"
"56230","57385"
"56230","57508"
"56230","57509"
"56231","57184"
"56231","57350"
"56231","57351"
"56231","57352"
"56231","57358"
"56231","57359"
"56231","57360"
"56231","57361"
"56231","57362"
"56232","57186"
"56232","57188"
"56232","57363"
"56232","57364"
"56232","57365"
"56232","58654"
"56233","57189"
"56233","57427"
"56234","57000"
"56234","57001"
"56234","57002"
"56234","57003"
"56234","57004"
"56234","57005"
"56234","57006"
"56234","57190"
"56234","58675"
"56234","58676"
"56234","58677"
"56235","57043"
"56235","57073"
"56235","57374"
"56235","57375"
"56237","57046"
"56237","57054"
"56237","57494"
"56237","58589"
"56237","58590"
"56237","58685"
"56237","58686"
"56237","58687"
"56237","58695"
"56238","57191"
"56238","57192"
"56238","57440"
"56238","57441"
"56238","57442"
"56238","57489"
"56238","57490"
"56238","57491"
"56238","57492"
"56238","58688"
"56238","58689"
"56238","58690"
"56238","58691"
"56238","58692"
"56239","57048"
"56239","57051"
"56239","57055"
"56239","57056"
"56239","57064"
"56239","57065"
"56239","57066"
"56239","57068"
"56239","57075"
"56239","57076"
"56239","57077"
"56239","57078"
"56239","57083"
"56239","57094"
"56239","57187"
"56239","57193"
"56239","57194"
"56239","57195"
"56239","57263"
"56239","57403"
"56239","57406"
"56239","57407"
"56239","57421"
"56239","57424"
"56239","57428"
"56239","57429"
"56239","57431"
"56239","57515"
"56239","57516"
"56239","58704"
"56240","57058"
"56240","57061"
"56240","57063"
"56240","57074"
"56240","57196"
"56240","57199"
"56240","57200"
"56240","57232"
"56240","57504"
"56240","57513"
"56241","57201"
"56241","57202"
"56241","57204"
"56241","57208"
"56241","57517"
"56241","57518"
"56242","57052"
"56242","57209"
"56242","57210"
"56242","57262"
"56242","57506"
"56242","57520"
"56242","57523"
"56242","57524"
"56242","58664"
"56242","59017"
"56243","57211"
"56243","57212"
"56243","57215"
"56243","57217"
"56243","57379"
"56243","57380"
"56243","57387"
"56243","57392"
"56243","58696"
"56243","58697"
"56243","58699"
"56244","57538"
"56244","57539"
"56244","57540"
"56244","58663"
"56244","59036"
"56244","59037"
"56245","57067"
"56245","57219"
"56245","57220"
"56245","57221"
"56245","57222"
"56245","57223"
"56245","57224"
"56245","57225"
"56245","57525"
"56245","57526"
"56245","57527"
"56245","57528"
"56245","58669"
"56245","58670"
"56245","58671"
"56245","58672"
"56245","58673"
"56246","57226"
"56246","57227"
"56246","57529"
"56246","57530"
"56246","57531"
"56246","57532"
"56246","57533"
"56246","57534"
"56246","57535"
"56246","58709"
"56247","57228"
"56248","57229"
"56248","57234"
"56248","57235"
"56248","57236"
"56248","57237"
"56248","57238"
"56248","57239"
"56248","57240"
"56248","57241"
"56248","57272"
"56248","57273"
"56248","57274"
"56248","57275"
"56248","57276"
"56248","57277"
"56248","57278"
"56248","57279"
"56248","58705"
"56248","58706"
"56248","58707"
"56248","58708"
"56250","57097"
"56250","57243"
"56251","57124"
"56251","57267"
"56251","57268"
"56252","57269"
"56253","57270"
"56254","57271"
"56255","57017"
"56256","57022"
"56256","57174"
"56258","57283"
"56258","57284"
"56258","57285"
"56258","57286"
"56258","57287"
"56258","57292"
"56259","57293"
"56259","57294"
"56259","57295"
"56260","57333"
"56260","57335"
"56260","57336"
"56260","57337"
"56260","57338"
"56262","57007"
"56262","57008"
"56262","57009"
"56262","57010"
"56262","57011"
"56262","57012"
"56262","57013"
"56262","57014"
"56262","58583"
"56262","58678"
"56262","58679"
"56262","58680"
"56262","58681"
"56262","58682"
"56264","57261"
"56264","57495"
"56264","57496"
"56264","57497"
"56264","58694"
"56267","57446"
"56267","58464"
"56268","57265"
"56269","57543"
"56269","57544"
"56269","57832"
"56269","58141"
"56269","58146"
"56269","58489"
"56270","57447"
"56270","57448"
"56270","57450"
"56270","57451"
"56270","57545"
"56270","58724"
"56271","57546"
"56274","57591"
"56274","57592"
"56274","57593"
"56274","57594"
"56274","57595"
"56274","57596"
"56274","57598"
"56274","57600"
"56274","57601"
"56274","57602"
"56274","57603"
"56274","57604"
"56274","57605"
"56274","57606"
"56274","57607"
"56274","57608"
"56274","57609"
"56274","57610"
"56274","57611"
"56274","57612"
"56274","57613"
"56274","57614"
"56274","57615"
"56274","57616"
"56274","57617"
"56274","57618"
"56274","57619"
"56274","57620"
"56274","57621"
"56274","57622"
"56274","57623"
"56274","57624"
"56274","57625"
"56274","57626"
"56274","57627"
"56274","57628"
"56274","57629"
"56274","57630"
"56274","57633"
"56274","57634"
"56274","57635"
"56274","57636"
"56274","57637"
"56274","57638"
"56274","57639"
"56274","57661"
"56274","57890"
"56274","58513"
"56274","58514"
"56274","58515"
"56274","58516"
"56274","58602"
"56274","58890"
"56274","58891"
"56274","58892"
"56274","58893"
"56274","58894"
"56274","58895"
"56274","58896"
"56274","58897"
"56274","58898"
"56274","58899"
"56274","58900"
"56274","58901"
"56274","58902"
"56274","58903"
"56274","58904"
"56274","58905"
"56274","58906"
"56274","58907"
"56274","58908"
"56274","58909"
"56274","58910"
"56274","58911"
"56274","58912"
"56274","58913"
"56274","58914"
"56274","58915"
"56274","58916"
"56274","58917"
"56274","58918"
"56274","58919"
"56274","58920"
"56274","58921"
"56274","58922"
"56274","58923"
"56274","58924"
"56274","58925"
"56274","58926"
"56274","58927"
"56274","58928"
"56274","58929"
"56274","58930"
"56274","58931"
"56274","58932"
"56274","58933"
"56274","58934"
"56274","58935"
"56274","58936"
"56274","58937"
"56274","58938"
"56274","58939"
"56274","58940"
"56274","58941"
"56274","58942"
"56274","58943"
"56274","58944"
"56274","58945"
"56274","58946"
"56274","58947"
"56274","58948"
"56274","58949"
"56274","58950"
"56274","58951"
"56275","57640"
"56275","57649"
"56275","57650"
"56275","57667"
"56275","57669"
"56275","57675"
"56275","57918"
"56275","58499"
"56275","58871"
"56276","57648"
"56276","57685"
"56277","57658"
"56277","57662"
"56277","57686"
"56279","57641"
"56279","57642"
"56279","57643"
"56279","57644"
"56279","57645"
"56279","57646"
"56279","57647"
"56279","57651"
"56279","57652"
"56279","57653"
"56279","57655"
"56279","57657"
"56279","57663"
"56279","57664"
"56279","57665"
"56279","57666"
"56279","57668"
"56279","57670"
"56279","57671"
"56279","57673"
"56279","57674"
"56279","57676"
"56279","57677"
"56279","57678"
"56279","57679"
"56279","57680"
"56279","57681"
"56279","57682"
"56279","57683"
"56279","57684"
"56279","57687"
"56279","57688"
"56279","57689"
"56279","57690"
"56279","57691"
"56279","57692"
"56279","57693"
"56279","57694"
"56279","57695"
"56279","57696"
"56279","57697"
"56279","57698"
"56279","57699"
"56279","57700"
"56279","57849"
"56279","57852"
"56279","57892"
"56279","58404"
"56279","58408"
"56279","58459"
"56279","58500"
"56279","58502"
"56279","58504"
"56279","58505"
"56279","58506"
"56279","58509"
"56279","58510"
"56279","58511"
"56279","58512"
"56279","58596"
"56279","58597"
"56279","58598"
"56279","58599"
"56279","58600"
"56279","58601"
"56279","58872"
"56279","58873"
"56279","58874"
"56279","58875"
"56279","58876"
"56279","58877"
"56279","58878"
"56279","58879"
"56279","58880"
"56279","58881"
"56279","58882"
"56279","58883"
"56279","58884"
"56279","58885"
"56279","58886"
"56279","58887"
"56279","58888"
"56279","58889"
"56280","57709"
"56280","57719"
"56281","57701"
"56281","57702"
"56281","57705"
"56281","57710"
"56282","57703"
"56282","57706"
"56282","57707"
"56282","57708"
"56282","57714"
"56282","57715"
"56282","57716"
"56282","57717"
"56282","57720"
"56282","58970"
"56283","57711"
"56283","57712"
"56283","57713"
"56285","57704"
"56285","57718"
"56286","57727"
"56286","57728"
"56286","57729"
"56286","57730"
"56286","58405"
"56286","58971"
"56286","58973"
"56286","58974"
"56286","58975"
"56287","57721"
"56287","57723"
"56287","57725"
"56287","57731"
"56287","58406"
"56287","58409"
"56288","57724"
"56289","57722"
"56289","58976"
"56289","58977"
"56290","57732"
"56290","57733"
"56290","57734"
"56290","57735"
"56290","57739"
"56290","57746"
"56290","57747"
"56290","57751"
"56290","57756"
"56290","57764"
"56290","57765"
"56290","57867"
"56290","57868"
"56290","57884"
"56290","57886"
"56290","57887"
"56290","57899"
"56290","57916"
"56290","58434"
"56290","58532"
"56290","58533"
"56290","58534"
"56290","58982"
"56290","58983"
"56290","58984"
"56290","58985"
"56291","57740"
"56291","57766"
"56291","57775"
"56291","57949"
"56291","57950"
"56291","57951"
"56291","57952"
"56291","57953"
"56291","58461"
"56292","57738"
"56292","57862"
"56292","57863"
"56292","57901"
"56292","57902"
"56292","57903"
"56292","57904"
"56292","57905"
"56292","57906"
"56292","57936"
"56292","57938"
"56292","57939"
"56292","58460"
"56292","58541"
"56292","58542"
"56292","58543"
"56293","57758"
"56294","57771"
"56294","57879"
"56294","57880"
"56294","57881"
"56294","57882"
"56294","57883"
"56294","57912"
"56294","57913"
"56294","57914"
"56294","57955"
"56294","57964"
"56294","58417"
"56294","58418"
"56294","58419"
"56294","58420"
"56294","58421"
"56294","58422"
"56294","58423"
"56294","58424"
"56294","58425"
"56294","58426"
"56294","58427"
"56294","58428"
"56294","58429"
"56294","58430"
"56294","58431"
"56294","58432"
"56294","58603"
"56296","57736"
"56296","57741"
"56296","57743"
"56296","57744"
"56296","57745"
"56296","57755"
"56296","57774"
"56296","57776"
"56296","57907"
"56296","57908"
"56296","57909"
"56296","57943"
"56296","58139"
"56296","58407"
"56296","58546"
"56296","58564"
"56296","58990"
"56296","58991"
"56296","58992"
"56297","57750"
"56297","57772"
"56297","57944"
"56297","57945"
"56297","57946"
"56297","57947"
"56297","57948"
"56297","58547"
"56297","58548"
"56297","58980"
"56297","58981"
"56298","57757"
"56298","57843"
"56298","58130"
"56298","58471"
"56298","58486"
"56298","58523"
"56298","58525"
"56298","58528"
"56298","58529"
"56298","58530"
"56300","57737"
"56300","57748"
"56300","57754"
"56300","57760"
"56300","57761"
"56300","57762"
"56300","57859"
"56300","57888"
"56300","57889"
"56300","57960"
"56300","57961"
"56300","58140"
"56300","58437"
"56300","58536"
"56300","58537"
"56300","58538"
"56300","58539"
"56300","59018"
"56301","57767"
"56301","57773"
"56301","57777"
"56301","57844"
"56301","58444"
"56301","58527"
"56301","58605"
"56302","57770"
"56302","57962"
"56302","59019"
"56303","57768"
"56303","57911"
"56303","58463"
"56304","57753"
"56305","57778"
"56306","57780"
"56306","57846"
"56306","57853"
"56306","58147"
"56306","59022"
"56306","59024"
"56307","57779"
"56307","57781"
"56307","57836"
"56307","58978"
"56308","57782"
"56309","57792"
"56309","57818"
"56309","57829"
"56309","59016"
"56310","57811"
"56310","57826"
"56310","58994"
"56310","58995"
"56310","59042"
"56310","59043"
"56311","57797"
"56311","58144"
"56311","59011"
"56312","57813"
"56312","58549"
"56312","58993"
"56313","58563"
"56314","57783"
"56314","57794"
"56314","57796"
"56314","57798"
"56314","57799"
"56314","57805"
"56314","57807"
"56314","57808"
"56314","57815"
"56314","57822"
"56314","57823"
"56314","57963"
"56314","58439"
"56314","58440"
"56314","58550"
"56314","58551"
"56314","58552"
"56314","58553"
"56314","58996"
"56314","58997"
"56314","58998"
"56314","58999"
"56314","59000"
"56316","57784"
"56317","57860"
"56317","57910"
"56317","57940"
"56317","57941"
"56317","57942"
"56317","58487"
"56317","58544"
"56317","58545"
"56317","58988"
"56317","58989"
"56318","57864"
"56318","58438"
"56318","58582"
"56318","58987"
"56319","57839"
"56319","57840"
"56320","57841"
"56322","57895"
"56322","57896"
"56322","57932"
"56322","57933"
"56322","57934"
"56322","58490"
"56322","58491"
"56322","59031"
"56323","57893"
"56323","57931"
"56323","58411"
"56323","58412"
"56323","58456"
"56323","58457"
"56323","58485"
"56323","58492"
"56323","58493"
"56323","58722"
"56323","58723"
"56325","57900"
"56325","57927"
"56325","57928"
"56325","57929"
"56325","57930"
"56325","58540"
"56326","57956"
"56326","58446"
"56326","58454"
"56326","58455"
"56326","58458"
"56326","58717"
"56326","58718"
"56326","58719"
"56326","58720"
"56332","57919"
"56332","57920"
"56332","57921"
"56332","57922"
"56332","57923"
"56332","57924"
"56332","57925"
"56332","58414"
"56332","58519"
"56332","58520"
"56332","58521"
"56335","57897"
"56335","57898"
"56335","58415"
"56337","57926"
"56342","58143"
"56348","57855"
"56349","59026"
"56350","57857"
"56351","57858"
"56352","57915"
"56352","58522"
"56352","59029"
"56353","57854"
"56353","58453"
"56354","58468"
"56355","57116"
"56355","57117"
"56355","57119"
"56355","57258"
"56355","57259"
"56355","57260"
"56355","57266"
"56355","58479"
"56355","58481"
"56355","58482"
"56355","58483"
"56355","58574"
"56356","57113"
"56356","57114"
"56356","58567"
"56356","58571"
"56356","58575"
"56357","57112"
"56358","58581"
"56359","57110"
"56360","58592"
"56361","58606"
"56362","57791"
"56363","58607"
"56364","57659"
"56364","57672"
"56364","57917"
"56364","58501"
"56364","58503"
"56364","58507"
"56364","58508"
"56366","57018"
"56367","57041"
"56367","57142"
"56368","57042"
"56369","57040"
"56369","57141"
"56369","57230"
"56369","57281"
"56370","57069"
"56371","57070"
"56371","57139"
"56371","57140"
"56371","57176"
"56372","57289"
"56374","57354"
"56375","57185"
"56375","57353"
"56375","57355"
"56375","57356"
"56375","57357"
"56379","57203"
"56379","57205"
"56379","57207"
"56379","57415"
"56379","57507"
"56379","58665"
"56379","58666"
"56379","58667"
"56381","57045"
"56381","57057"
"56381","57499"
"56381","58668"
"56382","57409"
"56382","57411"
"56383","57425"
"56384","57197"
"56384","57198"
"56384","57404"
"56385","57059"
"56385","57060"
"56385","57062"
"56385","57405"
"56386","57084"
"56386","57510"
"56386","58674"
"56387","57280"
"56387","57397"
"56387","57398"
"56387","57399"
"56387","57417"
"56387","57423"
"56387","57438"
"56387","57500"
"56387","57501"
"56387","57502"
"56387","57503"
"56387","57511"
"56387","57512"
"56388","57085"
"56388","57422"
"56388","57434"
"56389","57090"
"56389","57091"
"56389","57092"
"56389","57093"
"56389","57233"
"56389","57432"
"56389","58568"
"56389","58693"
"56391","57213"
"56391","57214"
"56391","57216"
"56391","57218"
"56391","57383"
"56391","57384"
"56391","57386"
"56391","57394"
"56391","57498"
"56391","58127"
"56391","58698"
"56392","57047"
"56392","57049"
"56392","57050"
"56392","57081"
"56392","57082"
"56392","57087"
"56392","57088"
"56392","57402"
"56392","57412"
"56392","57416"
"56392","57418"
"56392","57419"
"56392","57420"
"56392","57435"
"56392","57514"
"56392","58591"
"56392","58684"
"56392","58711"
"56392","58712"
"56392","58713"
"56392","58714"
"56393","57053"
"56393","57089"
"56393","57231"
"56393","57400"
"56393","57401"
"56393","57408"
"56393","57410"
"56393","57413"
"56393","57414"
"56393","57433"
"56393","57436"
"56393","57437"
"56393","57493"
"56393","57842"
"56393","58451"
"56393","58452"
"56393","58700"
"56393","58701"
"56393","58702"
"56393","58703"
"56394","58715"
"56395","58716"
"56396","58721"
"56397","57461"
"56397","57547"
"56397","57548"
"56397","57554"
"56397","57555"
"56398","57550"
"56398","58725"
"56400","57473"
"56400","58726"
"56400","58727"
"56401","58728"
"56402","57452"
"56402","57453"
"56402","57454"
"56402","57455"
"56402","57456"
"56402","57457"
"56402","57458"
"56402","57459"
"56402","57462"
"56402","57474"
"56402","57549"
"56402","57551"
"56402","57552"
"56402","57553"
"56402","58729"
"56402","58730"
"56402","58731"
"56402","58732"
"56402","58733"
"56402","58734"
"56402","58735"
"56402","58736"
"56402","58737"
"56402","58738"
"56402","58739"
"56402","58740"
"56402","58741"
"56402","58742"
"56402","58743"
"56402","58744"
"56402","58745"
"56402","58746"
"56402","59040"
"56403","57444"
"56403","57445"
"56403","57471"
"56403","57472"
"56403","57557"
"56404","57465"
"56405","57469"
"56405","57470"
"56405","58747"
"56405","58748"
"56405","58749"
"56405","58750"
"56405","58751"
"56405","58752"
"56405","58753"
"56405","58754"
"56405","58755"
"56406","57467"
"56406","57468"
"56406","58756"
"56407","57556"
"56407","57562"
"56408","57464"
"56410","58842"
"56410","58843"
"56410","58844"
"56411","58845"
"56411","58846"
"56411","58847"
"56411","58848"
"56411","58849"
"56412","58850"
"56413","58851"
"56413","58852"
"56413","58853"
"56413","58854"
"56413","58855"
"56413","58856"
"56413","58857"
"56413","58858"
"56414","58859"
"56414","58860"
"56415","58861"
"56415","58862"
"56415","58863"
"56416","58864"
"56417","58865"
"56417","58866"
"56418","58867"
"56418","58868"
"56418","58869"
"56418","58870"
"56419","57660"
"56421","57577"
"56422","57586"
"56422","57587"
"56422","57588"
"56422","57850"
"56422","58952"
"56423","57566"
"56423","57567"
"56423","57568"
"56423","57569"
"56423","57570"
"56423","57571"
"56423","57572"
"56423","57573"
"56423","57574"
"56423","57575"
"56423","57576"
"56423","57578"
"56423","57580"
"56423","57582"
"56423","57583"
"56423","57585"
"56423","57589"
"56423","58953"
"56423","58954"
"56423","58955"
"56423","58956"
"56423","58957"
"56423","58958"
"56423","58959"
"56423","58960"
"56423","58961"
"56423","58962"
"56423","58969"
"56424","57565"
"56424","57579"
"56424","57581"
"56424","57584"
"56424","57590"
"56424","57891"
"56424","58517"
"56424","58518"
"56424","58963"
"56424","58964"
"56424","58965"
"56424","58966"
"56424","58967"
"56424","58968"
"56425","58443"
"56426","58465"
"56427","57847"
"56427","57848"
"56427","58466"
"56428","57856"
"56428","59021"
"56429","57742"
"56429","57749"
"56429","57752"
"56429","57838"
"56429","57845"
"56429","57865"
"56429","57866"
"56429","57869"
"56429","57871"
"56429","57872"
"56429","57873"
"56429","57874"
"56429","57875"
"56429","57876"
"56429","57877"
"56429","57878"
"56429","58435"
"56429","58436"
"56429","58526"
"56429","58531"
"56429","58535"
"56429","58986"
"56429","59030"
"56430","58524"
"56431","58562"
"56432","58556"
"56435","57785"
"56435","57787"
"56435","57790"
"56435","57793"
"56435","57795"
"56435","57800"
"56435","57801"
"56435","57802"
"56435","57803"
"56435","57804"
"56435","57806"
"56435","57810"
"56435","57814"
"56435","57816"
"56435","57817"
"56435","57819"
"56435","57820"
"56435","57821"
"56435","57824"
"56435","57825"
"56435","57830"
"56435","57835"
"56435","57837"
"56435","58462"
"56435","58554"
"56435","58555"
"56435","58557"
"56435","58558"
"56435","58559"
"56435","58560"
"56435","58561"
"56435","59001"
"56435","59002"
"56435","59003"
"56435","59004"
"56435","59005"
"56435","59006"
"56435","59007"
"56435","59008"
"56435","59009"
"56435","59010"
"56436","58449"
"56437","57812"
"56437","59012"
"56439","57786"
"56439","57788"
"56439","57789"
"56439","57809"
"56439","57827"
"56439","57828"
"56439","58410"
"56439","59013"
"56439","59014"
"56439","59015"
"56440","57834"
"56441","58441"
"56442","59020"
"56443","59023"
"56445","58608"
"56449","59041"
