"End_Year","Group","Member","Start_Year"
"9999","342","10","1900"
"9999","342","11","1900"
"9999","342","15","1900"
"9999","342","33","1900"
"9999","342","40","1900"
"9999","342","44","2020"
"9999","342","48","2021"
"9999","342","54","1900"
"9999","342","63","1900"
"9999","342","67","1900"
"9999","342","68","1900"
"9999","342","77","1900"
"9999","342","78","1900"
"9999","342","79","1900"
"9999","342","84","1900"
"9999","342","97","1900"
"9999","342","99","1900"
"9999","342","104","1900"
"9999","342","105","1900"
"9999","342","106","1900"
"9999","342","110","1900"
"9999","342","117","1900"
"9999","342","119","2016"
"9999","342","126","1900"
"9999","342","138","1900"
"9999","342","150","1900"
"9999","342","156","1900"
"9999","342","162","1900"
"9999","342","167","1993"
"9999","342","173","1900"
"9999","342","174","1900"
"9999","342","198","1900"
"9999","342","199","1900"
"9999","342","203","1900"
"9999","342","210","1900"
"9999","342","211","1900"
"9999","342","223","1900"
"9999","342","229","1900"
"9999","342","231","1900"
"9999","342","255","1900"
"9999","342","256","1900"
"9999","378","5","1900"
"9999","378","8","1900"
"9999","378","12","1900"
"9999","378","14","1900"
"9999","378","17","2010"
"9999","378","22","1900"
"9999","378","23","1900"
"9999","378","25","1900"
"9999","378","35","1900"
"9999","378","36","2010"
"9999","378","45","1900"
"9999","378","47","1900"
"9999","378","49","1900"
"9999","378","55","1900"
"9999","378","56","1900"
"9999","378","66","1900"
"9999","378","70","1900"
"9999","378","83","1900"
"9999","378","86","1900"
"9999","378","87","2010"
"9999","378","88","1900"
"9999","378","91","1900"
"9999","378","93","1900"
"9999","378","109","1900"
"9999","378","127","1900"
"9999","378","132","1900"
"9999","378","135","2010"
"9999","378","137","1900"
"9999","378","142","1900"
"9999","378","145","1900"
"9999","378","148","1900"
"9999","378","151","1900"
"9999","378","153","1900"
"9999","378","155","1900"
"9999","378","160","1900"
"9999","378","163","1900"
"9999","378","168","1900"
"9999","378","175","1900"
"9999","378","176","1900"
"9999","378","177","1900"
"9999","378","180","1900"
"9999","378","188","1900"
"9999","378","189","1900"
"9999","378","191","1900"
"9999","378","193","1900"
"9999","378","196","1900"
"9999","378","200","1900"
"9999","378","207","1900"
"9999","378","219","1900"
"9999","378","220","1900"
"9999","378","224","2010"
"9999","378","227","1900"
"9999","378","239","1900"
"9999","378","240","1900"
"9999","378","244","1900"
"9999","378","258","1900"
"9999","378","286","2010"
"9999","378","289","2017"
"9999","381","11","1995"
"9999","381","27","2007"
"9999","381","50","2004"
"9999","381","54","1973"
"9999","381","63","2004"
"9999","381","67","1995"
"9999","381","68","1958"
"9999","381","79","1958"
"9999","381","84","1981"
"9999","381","97","2004"
"9999","381","98","2013"
"9999","381","104","1973"
"9999","381","106","1958"
"9999","381","119","2004"
"9999","381","126","2004"
"9999","381","134","2004"
"9999","381","150","1958"
"9999","381","167","2004"
"9999","381","173","2004"
"9999","381","174","1986"
"9999","381","183","2007"
"9999","381","198","2004"
"9999","381","199","2004"
"9999","381","203","1986"
"9999","381","210","1995"
"9999","381","255","1958"
"9999","381","256","1958"
"9999","401","2","1900"
"9999","401","7","1900"
"9999","401","8","1900"
"9999","401","14","1900"
"9999","401","16","1900"
"9999","401","20","1900"
"9999","401","25","1900"
"9999","401","28","1900"
"9999","401","29","1900"
"9999","401","37","1900"
"9999","401","38","1900"
"9999","401","39","1900"
"9999","401","45","1900"
"9999","401","49","1900"
"9999","401","53","1900"
"9999","401","55","1900"
"9999","401","56","1900"
"9999","401","59","1900"
"9999","401","60","1900"
"1992","401","62","1900"
"9999","401","72","1900"
"9999","401","74","1900"
"9999","401","75","1900"
"9999","401","83","1900"
"9999","401","86","1900"
"9999","401","90","1900"
"9999","401","93","1900"
"9999","401","95","1900"
"9999","401","107","1900"
"9999","401","109","1900"
"9999","401","112","1900"
"9999","401","114","1900"
"9999","401","115","1900"
"9999","401","120","1900"
"9999","401","122","1900"
"9999","401","123","1900"
"9999","401","129","1900"
"9999","401","130","1900"
"9999","401","132","1900"
"9999","401","133","1900"
"9999","401","136","1900"
"9999","401","137","1900"
"9999","401","141","1900"
"9999","401","143","1900"
"9999","401","144","1900"
"9999","401","147","1900"
"9999","401","149","1900"
"9999","401","158","1900"
"9999","401","165","1900"
"9999","401","170","1900"
"9999","401","175","1900"
"9999","401","176","1900"
"9999","401","178","1900"
"9999","401","184","1900"
"9999","401","188","1900"
"9999","401","189","1900"
"9999","401","191","1900"
"9999","401","195","1900"
"9999","401","197","1900"
"9999","401","201","1900"
"2011","401","206","1900"
"9999","401","209","1900"
"9999","401","215","1900"
"9999","401","217","1900"
"9999","401","219","2023"
"9999","401","220","1900"
"9999","401","222","1900"
"9999","401","226","1900"
"9999","401","227","1900"
"9999","401","233","1900"
"9999","401","236","1900"
"9999","401","238","1900"
"9999","401","244","2020"
"1989","401","246","1900"
"1989","401","247","1900"
"9999","401","249","1990"
"9999","401","250","1900"
"9999","401","251","1900"
"9999","401","276","1900"
"9999","401","290","2011"
"9999","401","298","2011"
"9999","402","1","1900"
"9999","402","2","1900"
"9999","402","18","1900"
"9999","402","19","1900"
"9999","402","20","1900"
"9999","402","29","1900"
"9999","402","37","1900"
"9999","402","39","1900"
"9999","402","52","1900"
"9999","402","108","1900"
"9999","402","113","1900"
"9999","402","120","1900"
"9999","402","122","1900"
"9999","402","130","1900"
"9999","402","133","1900"
"9999","402","141","1900"
"9999","402","146","1900"
"9999","402","149","1900"
"9999","402","154","1900"
"9999","402","158","1900"
"9999","402","169","1900"
"9999","402","181","1900"
"9999","402","184","1900"
"9999","402","208","1900"
"9999","402","209","1900"
"9999","402","213","1900"
"9999","402","226","1900"
"9999","402","233","1900"
"9999","402","235","1900"
"9999","402","238","1900"
"9999","402","251","1900"
"9999","402","290","2012"
"9999","412","26","1984"
"9999","412","28","1997"
"9999","412","101","1967"
"9999","412","115","1999"
"9999","412","120","1997"
"9999","412","131","1967"
"9999","412","171","1967"
"9999","412","176","2025"
"9999","412","200","1967"
"9999","412","216","1967"
"9999","412","237","1995"
"9999","415","2","1971"
"9999","415","7","1994"
"9999","415","16","1975"
"9999","415","25","1991"
"9999","415","28","1987"
"9999","415","29","1971"
"9999","415","37","1975"
"9999","415","39","1971"
"9999","415","45","1977"
"9999","415","53","1971"
"1992","415","62","1971"
"9999","415","72","1982"
"9999","415","75","1975"
"9999","415","83","1986"
"9999","415","90","1971"
"9999","415","93","1971"
"9999","415","115","1991"
"9999","415","120","1971"
"9999","415","122","1971"
"9999","415","123","1990"
"9999","415","129","1991"
"9999","415","130","1971"
"9999","415","133","1971"
"9999","415","136","1986"
"9999","415","144","1988"
"9999","415","149","1971"
"9999","415","158","1971"
"9999","415","175","1981"
"9999","415","176","2003"
"9999","415","178","1994"
"9999","415","184","1971"
"9999","415","195","2000"
"9999","415","197","1982"
"9999","415","201","1971"
"2011","415","206","1971"
"9999","415","215","1971"
"9999","415","217","1982"
"9999","415","226","1971"
"9999","415","227","1986"
"9999","415","233","1971"
"9999","415","238","1971"
"1989","415","246","1971"
"1989","415","247","1971"
"9999","415","249","1971"
"9999","415","250","1991"
"9999","415","251","1991"
"9999","415","276","1971"
"9999","415","290","2012"
"9999","415","298","1971"
"9999","434","53","1900"
"9999","434","107","1900"
"9999","434","133","1900"
"9999","434","158","1900"
"9999","434","175","1900"
"9999","434","195","1900"
"9999","434","217","1900"
"9999","434","233","1900"
"9999","469","1","1900"
"9999","469","52","1900"
"9999","469","57","1900"
"9999","469","63","1900"
"9999","469","73","1900"
"9999","469","108","1900"
"9999","469","113","1900"
"9999","469","119","1900"
"9999","469","126","1900"
"9999","469","146","1900"
"9999","469","185","1900"
"9999","469","208","1900"
"9999","469","213","1900"
"9999","469","228","1900"
"9999","469","230","1900"
"9999","469","235","1900"
"9999","474","1","1992"
"9999","474","52","1992"
"9999","474","57","1992"
"9999","474","73","1992"
"9999","474","108","1992"
"9999","474","113","1992"
"9999","474","146","1992"
"9999","474","185","1992"
"9999","474","208","1992"
"9999","474","213","1992"
"9999","474","230","1992"
"9999","474","235","1992"
"9999","525","2","1900"
"9999","525","4","1900"
"9999","525","7","1900"
"9999","525","8","1900"
"9999","525","9","1900"
"9999","525","12","1900"
"9999","525","13","1900"
"9999","525","14","1900"
"9999","525","16","1900"
"9999","525","18","1900"
"9999","525","19","1900"
"9999","525","20","1900"
"9999","525","21","1900"
"9999","525","23","1900"
"9999","525","25","1900"
"9999","525","26","1900"
"9999","525","28","1900"
"9999","525","29","1900"
"9999","525","32","1900"
"9999","525","35","1900"
"9999","525","37","1900"
"9999","525","38","1900"
"9999","525","39","1900"
"9999","525","40","1900"
"9999","525","41","1900"
"9999","525","44","1900"
"9999","525","45","1900"
"9999","525","46","1900"
"9999","525","48","1900"
"9999","525","49","1900"
"9999","525","52","2023"
"9999","525","53","1900"
"9999","525","55","1900"
"9999","525","56","1900"
"9999","525","58","1900"
"9999","525","59","1900"
"9999","525","60","1900"
"9999","525","61","1900"
"9999","525","62","1900"
"9999","525","66","1900"
"9999","525","72","1900"
"9999","525","74","1900"
"9999","525","75","1900"
"9999","525","81","1900"
"9999","525","83","1900"
"9999","525","86","1900"
"9999","525","89","1900"
"9999","525","90","1900"
"9999","525","91","1900"
"9999","525","93","1900"
"9999","525","95","1900"
"9999","525","100","1900"
"9999","525","101","1900"
"9999","525","102","1900"
"9999","525","103","1900"
"9999","525","107","1900"
"9999","525","109","1900"
"9999","525","112","1900"
"9999","525","114","1900"
"9999","525","115","1900"
"9999","525","116","1900"
"9999","525","118","1900"
"9999","525","120","1900"
"9999","525","121","1900"
"9999","525","122","1900"
"9999","525","123","1900"
"9999","525","124","1900"
"9999","525","127","1900"
"9999","525","129","1900"
"9999","525","130","1900"
"9999","525","131","1900"
"9999","525","132","1900"
"9999","525","133","1900"
"9999","525","136","1900"
"9999","525","137","1900"
"9999","525","141","1900"
"9999","525","143","1900"
"9999","525","144","1900"
"9999","525","145","1900"
"9999","525","147","1900"
"9999","525","148","1900"
"9999","525","149","1900"
"9999","525","155","1900"
"9999","525","157","1900"
"9999","525","158","1900"
"9999","525","159","1900"
"9999","525","165","1900"
"9999","525","166","1900"
"9999","525","168","1900"
"9999","525","169","1900"
"9999","525","170","1900"
"9999","525","171","1900"
"9999","525","175","1900"
"9999","525","176","1900"
"9999","525","178","1900"
"9999","525","179","1900"
"9999","525","181","1900"
"9999","525","184","1900"
"9999","525","188","1900"
"9999","525","189","1900"
"9999","525","191","1900"
"9999","525","193","1900"
"9999","525","194","1900"
"9999","525","195","1900"
"9999","525","196","1900"
"9999","525","197","1900"
"9999","525","200","1900"
"9999","525","201","1900"
"9999","525","202","1900"
"9999","525","206","1900"
"9999","525","207","1900"
"9999","525","208","1900"
"9999","525","209","1900"
"9999","525","212","1900"
"9999","525","213","1900"
"9999","525","215","1900"
"9999","525","216","1900"
"9999","525","217","1900"
"9999","525","219","1900"
"9999","525","220","1900"
"9999","525","221","1900"
"9999","525","222","1900"
"9999","525","225","1900"
"9999","525","226","1900"
"9999","525","233","1900"
"9999","525","234","1900"
"9999","525","236","1900"
"9999","525","237","1900"
"9999","525","238","1900"
"9999","525","244","1900"
"9999","525","249","1900"
"9999","525","250","1900"
"9999","525","251","1900"
"9999","525","276","1900"
"9999","525","290","1900"
"9999","525","298","1900"
"9999","525","299","1900"
"9999","876","2","1900"
"9999","876","29","1900"
"9999","876","32","1900"
"9999","876","37","1900"
"9999","876","39","1900"
"9999","876","45","1900"
"9999","876","46","2018"
"9999","876","53","1900"
"9999","876","62","1900"
"9999","876","75","1900"
"9999","876","90","1900"
"9999","876","93","1900"
"9999","876","113","1900"
"9999","876","114","1900"
"9999","876","116","1900"
"9999","876","122","1900"
"9999","876","123","1900"
"9999","876","129","1900"
"9999","876","130","1900"
"9999","876","133","1900"
"9999","876","136","1900"
"9999","876","144","1900"
"9999","876","149","1900"
"9999","876","158","1900"
"9999","876","175","1900"
"9999","876","178","1900"
"9999","876","184","1900"
"9999","876","195","1900"
"9999","876","197","1900"
"9999","876","201","1900"
"9999","876","206","1900"
"9999","876","208","1900"
"9999","876","212","2015"
"9999","876","217","1900"
"9999","876","226","1900"
"9999","876","233","1900"
"9999","876","238","1900"
"9999","876","246","1900"
"9999","876","247","1900"
"9999","876","249","1900"
"9999","876","250","1900"
"9999","876","290","2015"
"9999","876","298","2011"
